task_id,pred_loss,recon_loss,total_loss
2,1.3618155717849731,1.3196884393692017,2.681504011154175
2,1.3632091283798218,1.3198167085647583,2.68302583694458
