task_id,pred_loss,recon_loss,total_loss
2,1.3590589761734009,1.3196406364440918,2.6786997318267822
2,1.360519528388977,1.3197352886199951,2.6802546977996826
