task_id,pred_loss,recon_loss,total_loss
2,1.356714129447937,1.3197940587997437,2.6765081882476807
2,1.3561582565307617,1.319775938987732,2.675934314727783
