task_id,pred_loss,recon_loss,total_loss
2,1.3524125814437866,1.3201481103897095,2.672560691833496
2,1.3534168004989624,1.3201488256454468,2.673565626144409
