task_id,pred_loss,recon_loss,total_loss
2,1.1954654455184937,1.2221198081970215,2.4175851345062256
2,1.1952202320098877,1.2221739292144775,2.417393922805786
