task_id,pred_loss,recon_loss,total_loss
2,1.3716267347335815,1.3195297718048096,2.6911563873291016
2,1.3715695142745972,1.3195058107376099,2.691075325012207
