task_id,pred_loss,recon_loss,total_loss
2,1.378312349319458,1.3195406198501587,2.697852849960327
2,1.3777045011520386,1.3193763494491577,2.6970808506011963
