task_id,pred_loss,recon_loss,total_loss
2,1.3711580038070679,1.3192259073257446,2.6903836727142334
2,1.370566725730896,1.319187045097351,2.689753770828247
