task_id,pred_loss,recon_loss,total_loss
2,1.3489878177642822,1.3204487562179565,2.669436454772949
2,1.3486248254776,1.3204387426376343,2.6690635681152344
