task_id,pred_loss,recon_loss,total_loss
2,1.1568092107772827,1.2227015495300293,2.3795108795166016
2,1.15618097782135,1.2226130962371826,2.3787941932678223
