task_id,pred_loss,recon_loss,total_loss
2,1.3538212776184082,1.319199562072754,2.673021078109741
2,1.3543022871017456,1.3193362951278687,2.6736388206481934
