task_id,pred_loss,recon_loss,total_loss
2,1.3629387617111206,1.3197492361068726,2.682687997817993
2,1.3604148626327515,1.3197895288467407,2.680204391479492
