task_id,pred_loss,recon_loss,total_loss
2,1.3891459703445435,1.3192203044891357,2.7083663940429688
2,1.3882349729537964,1.3192541599273682,2.707489013671875
