task_id,pred_loss,recon_loss,total_loss
2,0.49484482407569885,0.8889487981796265,1.3837934732437134
2,0.49487653374671936,0.8890379667282104,1.3839144706726074
