task_id,pred_loss,recon_loss,total_loss
2,0.56807541847229,0.9084656834602356,1.4765411615371704
2,0.5678800940513611,0.9084239602088928,1.4763041734695435
