task_id,pred_loss,recon_loss,total_loss
2,0.46301209926605225,0.8900972008705139,1.3531094789505005
2,0.4631431996822357,0.890113890171051,1.3532572984695435
