task_id,pred_loss,recon_loss,total_loss
2,0.4428035318851471,0.8894808292388916,1.3322843313217163
2,0.4418363571166992,0.8895007371902466,1.3313368558883667
