task_id,pred_loss,recon_loss,total_loss
2,0.49509623646736145,0.8890345096588135,1.384130835533142
2,0.4958079755306244,0.8890409469604492,1.3848488330841064
