task_id,pred_loss,recon_loss,total_loss
2,0.4267560541629791,0.8880367279052734,1.3147928714752197
2,0.42720940709114075,0.8881555795669556,1.3153650760650635
