task_id,pred_loss,recon_loss,total_loss
2,0.4528440833091736,0.8898048996925354,1.3426488637924194
2,0.45339158177375793,0.8897268772125244,1.3431185483932495
