task_id,pred_loss,recon_loss,total_loss
2,0.45266056060791016,0.888629138469696,1.3412898778915405
2,0.45306330919265747,0.8886716365814209,1.3417350053787231
