task_id,pred_loss,recon_loss,total_loss
2,0.4559088349342346,0.88873690366745,1.3446457386016846
2,0.45582643151283264,0.8886841535568237,1.344510793685913
