task_id,pred_loss,recon_loss,total_loss
2,0.41993826627731323,0.8890830874443054,1.3090213537216187
2,0.4199218153953552,0.8891035914421082,1.3090254068374634
