task_id,pred_loss,recon_loss,total_loss
2,0.4549589157104492,0.8893613815307617,1.3443201780319214
2,0.45443686842918396,0.889227032661438,1.3436639308929443
