task_id,pred_loss,recon_loss,total_loss
2,0.4805036783218384,0.8887858390808105,1.3692892789840698
2,0.4794329106807709,0.8888176679611206,1.3682506084442139
