task_id,pred_loss,recon_loss,total_loss
2,0.634857714176178,0.9084382653236389,1.5432958602905273
2,0.6351950168609619,0.9083736538887024,1.5435686111450195
