task_id,pred_loss,recon_loss,total_loss
2,1.1481451988220215,1.2249796390533447,2.373124837875366
