task_id,pred_loss,recon_loss,total_loss
2,1.2713156938552856,1.2706966400146484,2.5420124530792236
