task_id,pred_loss,recon_loss,total_loss
2,1.181661605834961,1.2242190837860107,2.4058804512023926
