task_id,pred_loss,recon_loss,total_loss
2,1.184230089187622,1.2234214544296265,2.407651662826538
