task_id,pred_loss,recon_loss,total_loss
2,1.278861403465271,1.2713910341262817,2.550252676010132
