task_id,pred_loss,recon_loss,total_loss
2,1.1286662817001343,1.2234840393066406,2.3521504402160645
