task_id,pred_loss,recon_loss,total_loss
2,1.151218295097351,1.2233291864395142,2.3745477199554443
