task_id,pred_loss,recon_loss,total_loss
2,1.148290991783142,1.2226287126541138,2.370919942855835
