task_id,pred_loss,recon_loss,total_loss
2,0.6219010353088379,0.9085219502449036,1.5304229259490967
