task_id,pred_loss,recon_loss,total_loss
2,0.6189324259757996,0.9070257544517517,1.5259581804275513
