task_id,pred_loss,recon_loss,total_loss
2,0.5526165962219238,0.9091117978096008,1.461728572845459
