task_id,pred_loss,recon_loss,total_loss
2,0.6049764752388,0.9097888469696045,1.5147652626037598
