task_id,pred_loss,recon_loss,total_loss
2,0.8370643854141235,0.9142377376556396,1.7513020038604736
