task_id,pred_loss,recon_loss,total_loss
2,0.584129273891449,0.909761905670166,1.4938910007476807
