task_id,pred_loss,recon_loss,total_loss
2,0.6293694376945496,0.9086542129516602,1.538023591041565
