task_id,pred_loss,recon_loss,total_loss
2,0.7543067336082458,0.9132404327392578,1.6675472259521484
